{
	"version": 3,
	"configurePresets": [
		{
			"name": "windows-base",
			"hidden": true,
			"generator": "Ninja",
			"binaryDir": "${sourceDir}/out/build/${presetName}",
			"installDir": "${sourceDir}/out/install/${presetName}",
			"cacheVariables": {
				"CMAKE_C_COMPILER": "cl.exe",
				"CMAKE_CXX_COMPILER": "cl.exe"
			},
			"condition": {
				"type": "equals",
				"lhs": "${hostSystemName}",
				"rhs": "Windows"
			}
		},
		{
			"name": "x64-debug",
			"displayName": "x64 Debug",
			"inherits": "windows-base",
			"architecture": {
				"value": "x64",
				"strategy": "external"
			},
			"cacheVariables": {
				"CMAKE_BUILD_TYPE": "Debug"
			}
		},
		{
			"name": "x64-release",
			"displayName": "x64 Release",
			"inherits": "x64-debug",
			"cacheVariables": {
				"CMAKE_BUILD_TYPE": "Release"
			}
		},
		{
			"name": "x86-debug",
			"displayName": "x86 Debug",
			"inherits": "windows-base",
			"architecture": {
				"value": "x86",
				"strategy": "external"
			},
			"cacheVariables": {
				"CMAKE_BUILD_TYPE": "Debug"
			}
		},
		{
			"name": "x86-release",
			"displayName": "x86 Release",
			"inherits": "x86-debug",
			"cacheVariables": {
				"CMAKE_BUILD_TYPE": "Release"
			}
		},
		{
			"name": "GCC 15.1.0 x86_64-w64-mingw32 (ucrt64)",
			"displayName": "GCC 15.1.0 x86_64-w64-mingw32 (ucrt64)",
			"description": "Using compilers: C = C:\\msys64\\ucrt64\\bin\\gcc.exe, CXX = C:\\msys64\\ucrt64\\bin\\g++.exe",
			"generator": "MinGW Makefiles",
			"binaryDir": "${sourceDir}/out/build/${presetName}",
			"cacheVariables": {
				"CMAKE_INSTALL_PREFIX": "${sourceDir}/out/install/${presetName}",
				"CMAKE_C_COMPILER": "C:/msys64/ucrt64/bin/gcc.exe",
				"CMAKE_CXX_COMPILER": "C:/msys64/ucrt64/bin/g++.exe",
				"CMAKE_BUILD_TYPE": "Debug"
			}
		}
	]
}